[Header],,,,,,,,,,
IEMFileVersion,4,,,,,,,,,
Investigator Name,N6_L4,,,,,,,,,
Experiment Name,HXX1_2X150,,,,,,,,,
Date,28/02/2017,,,,,,,,,
Workflow,GenerateFASTQ,,,,,,,,,
Application,HiSeq FASTQ Only,,,,,,,,,
Assay,,,,,,,,,,
Description,,,,,,,,,,
Chemistry,,,,,,,,,,
,,,,,,,,,,
[Reads],,,,,,,,,,
151,,,,,,,,,,
151,,,,,,,,,,
,,,,,,,,,,
[Settings],,,,,,,,,,
ReverseComplement,0,,,,,,,,,
,,,,,,,,,,
[Data],,,,,,,,,,
Lane,Sample_ID,Sample_Name,Sample_Plate,Sample_Well,I7_Index_ID,index,I5_Index_ID,index2,Sample_Project,Description
3,IGF0001,s1,,,701,ATTACTCG,501,AGGCTATA,project_1:user1,hsapiens:GRCh37:rna:truseq
3,IGF0002,s2,,,701,ATTACTCG,502,GCCTCTAT,project_1:user1,hsapiens:GRCh37:rna:truseq
3,IGF0003,s3,,,701,ATTACTCG,503,AGGATAGG,project_1:user1,hsapiens:GRCh37:rna:truseq
